20181228, 109.9000, 114.8000, 105.9400, 113.0300, 21630293
20181221, 119.0700, 120.2700, 110.4400, 110.9400, 39485288
20181214, 119.7400, 123.8100, 118.5200, 119.9000, 23701178
20181207, 125.6700, 126.5900, 118.8700, 119.3400, 25801474
20181130, 118.3700, 124.6900, 118.0600, 124.2700, 27471124
20181123, 121.6300, 122.1800, 116.7000, 117.1900, 18035587
20181116, 123.5000, 123.5700, 119.5100, 121.5700, 23510061
20181109, 116.1000, 125.0600, 116.0000, 123.5400, 48482997
20181102, 119.3400, 123.9500, 114.0900, 115.6700, 87773431
20181026, 129.5800, 131.9000, 123.7100, 124.7900, 36964774
20181019, 140.3800, 145.4500, 127.9600, 129.1000, 50928336
20181012, 148.5000, 149.0700, 138.7800, 140.8500, 27703434
20181005, 151.7100, 154.3600, 147.8700, 149.0300, 18943237
20180928, 151.1000, 153.3500, 148.3600, 151.2100, 22847744
20180921, 148.4400, 152.6000, 147.4700, 151.3500, 37327961
20180914, 146.6000, 149.3000, 145.2500, 148.3300, 20298346
20180907, 145.9800, 147.6600, 144.8100, 145.4500, 15394651
20180831, 146.9400, 147.9300, 145.2500, 146.4800, 15929583
20180824, 146.3700, 147.1600, 144.7500, 146.0400, 12992907
20180817, 144.1500, 146.3900, 142.0000, 146.0600, 17890077
20180810, 146.9500, 147.6400, 143.8800, 144.4800, 17100909
20180803, 144.8000, 147.9200, 142.3300, 147.7000, 24366161
20180727, 146.3500, 149.2700, 144.6600, 145.1500, 19940363
20180720, 145.6700, 150.5400, 142.7400, 146.3500, 36572622
20180713, 142.5900, 146.9800, 142.4700, 145.9000, 17395351
20180706, 138.2800, 142.9400, 138.2000, 142.4800, 12024030
20180629, 140.4000, 141.3600, 137.4500, 139.7000, 25451478
20180622, 144.1800, 144.5200, 140.7800, 141.2800, 21004666
20180615, 146.6200, 147.5200, 143.7000, 145.3900, 21311072
20180608, 142.3000, 146.7000, 142.1800, 146.1400, 18618365
20180601, 142.5300, 143.1000, 140.2100, 141.9500, 20343954
20180525, 144.9500, 146.2000, 142.9500, 143.6400, 16951460
20180518, 144.4700, 145.1900, 142.9200, 144.0800, 16304020
20180511, 144.0000, 144.8500, 141.2800, 144.1400, 20021856
20180504, 146.8600, 147.3800, 139.9000, 143.9100, 23464605
20180427, 145.0300, 147.3600, 144.1100, 146.4800, 25028049
20180420, 157.9900, 162.0000, 144.5100, 144.9000, 51127683
20180413, 151.8000, 159.2200, 151.7400, 156.7100, 21372171
20180406, 153.3400, 154.9200, 147.4500, 150.5700, 20949699
20180329, 151.2100, 154.8700, 150.2800, 153.4300, 14934365
20180323, 159.7100, 159.8900, 148.5400, 148.8900, 21959274
20180316, 159.6400, 162.1100, 157.7400, 160.2600, 25076217
20180309, 154.1200, 159.5800, 153.7500, 159.3100, 22842811
20180302, 155.8100, 159.7800, 151.8800, 154.4900, 18831762
20180223, 155.7900, 156.7900, 152.7900, 155.5200, 14987102
20180216, 150.9000, 157.7900, 149.6400, 156.1800, 25701914
20180209, 157.8900, 158.5000, 144.4000, 149.5100, 38856237
20180202, 167.4500, 168.3900, 158.8700, 159.0300, 21842492
20180126, 161.5100, 168.7200, 161.1100, 167.3400, 28170112
20180119, 165.1000, 171.1300, 161.3000, 162.3700, 51246304
20180112, 162.6600, 164.9400, 161.7000, 163.1400, 22376145
20180105, 154.5000, 162.9000, 153.5400, 162.4900, 26160206
20171229, 152.5100, 154.7200, 152.5000, 153.4200, 10573732
20171222, 153.4100, 154.1800, 151.4900, 152.5000, 20045931
20171215, 154.9700, 157.8500, 152.0300, 152.5000, 31101402
20171208, 155.6700, 156.8000, 153.2600, 154.8100, 20236835
20171201, 152.0600, 155.0200, 151.6200, 154.7600, 24386604
20171124, 150.6400, 152.4500, 149.9000, 151.8400, 13728716
20171117, 148.8800, 150.1500, 146.2110, 148.9700, 23731918
20171110, 151.7700, 151.8200, 149.1400, 149.1600, 21891991
20171103, 153.7600, 154.9300, 151.4900, 151.5800, 19467703
20171027, 162.0500, 162.5100, 152.9110, 153.6800, 28529638
20171020, 147.2200, 162.4800, 146.1800, 162.0700, 56148944
20171013, 146.5000, 148.9500, 146.3500, 147.1000, 16128636
20171006, 145.3500, 147.5400, 145.2100, 146.4800, 12252293
20170929, 145.1200, 147.4200, 144.2100, 145.0800, 18131168
20170922, 144.8100, 145.8911, 144.2200, 145.1300, 16890140
20170915, 143.5400, 146.3800, 143.0100, 144.8200, 24882951
20170908, 143.5000, 144.6400, 141.6400, 142.4500, 13803467
20170901, 144.1100, 144.5600, 141.9000, 144.0800, 17765494
20170825, 139.5900, 144.1900, 139.1300, 143.7400, 15927109
20170818, 142.0000, 143.3400, 139.5800, 139.7000, 18585485
20170811, 145.0000, 145.0900, 141.1900, 141.8400, 18161288
20170804, 144.3800, 145.6700, 144.1700, 145.1600, 16503121
20170728, 147.0000, 147.4900, 143.6400, 144.2900, 21206630
20170721, 153.5900, 154.2900, 146.5100, 147.0800, 39223438
20170714, 152.9100, 154.6150, 152.0500, 154.2400, 15015697
20170707, 153.5800, 156.0250, 152.1400, 152.9400, 11462576
20170630, 154.7100, 155.7500, 153.1400, 153.8300, 13465670
20170623, 155.5100, 155.8600, 153.3900, 154.1100, 18294998
20170616, 154.1900, 157.2000, 152.9400, 155.3800, 23761609
20170609, 151.8200, 154.2650, 150.8000, 154.1000, 20653101
20170602, 151.9500, 153.2000, 151.5900, 152.0500, 13583558
20170526, 152.1000, 153.7300, 151.2300, 152.4900, 14563625
20170519, 150.6200, 154.1400, 150.1100, 151.9800, 23606431
20170512, 152.8000, 153.4700, 149.7900, 150.3700, 28432713
20170505, 160.0500, 160.4200, 153.0000, 155.0500, 28746997
20170428, 161.2900, 162.0400, 159.6300, 160.2900, 22585454
20170421, 169.7500, 171.6900, 159.6000, 160.3800, 22353091
20170413, 172.5300, 172.5600, 168.9800, 169.5300, 15162492
20170407, 173.8200, 176.3300, 171.2800, 172.1400, 20657952
20170331, 172.6900, 175.0000, 172.0937, 174.1400, 15949938
20170324, 175.6500, 176.2300, 172.8000, 173.8300, 16816026
20170317, 177.8500, 179.0000, 174.7500, 175.6500, 20678038
20170310, 179.7200, 181.2900, 175.8800, 177.8300, 18283618
20170303, 181.1900, 182.5500, 179.2800, 180.0500, 14713309
20170224, 180.6000, 182.5000, 179.1200, 181.3500, 13082284
20170217, 179.2400, 182.7900, 178.3500, 180.6700, 15587334
20170210, 175.3100, 178.8701, 174.3800, 178.6800, 15458288
20170203, 176.9800, 177.0700, 172.8900, 175.8200, 16952754
20170127, 170.0800, 179.2500, 170.0100, 177.3000, 24898161
20170120, 166.6900, 170.6400, 165.8000, 170.5500, 26891514
20170113, 169.4700, 169.8000, 165.3400, 167.3400, 16710843
20170106, 167.0000, 169.9200, 166.0100, 169.5300, 11943248
20161230, 166.9800, 167.9800, 165.5000, 165.9900, 7770697
20161223, 166.8300, 168.2500, 165.2500, 166.7100, 13209502
20161216, 166.7200, 169.9520, 165.0700, 166.7300, 23953742
20161209, 160.8500, 166.7200, 158.9300, 166.5200, 17154330
20161202, 163.2000, 164.6600, 158.3000, 160.0200, 19370850
20161125, 160.6900, 163.1900, 160.3697, 163.1400, 11269212
20161118, 161.2500, 161.8600, 157.5500, 160.3900, 16168917
20161111, 153.9900, 161.3400, 151.0000, 161.2700, 25292112
20161104, 152.7600, 154.3300, 151.6700, 152.4300, 15168515
20161028, 150.4000, 154.4400, 149.8300, 152.6100, 16009359
20161021, 154.4500, 155.8900, 147.7900, 149.6300, 31731091
20161014, 156.7100, 158.4900, 152.2700, 154.4500, 15614452
20161007, 158.0600, 158.5300, 154.8600, 155.6700, 11417766
20160930, 154.4600, 165.0000, 153.4600, 158.8500, 15801644
20160923, 154.8700, 157.2200, 153.8700, 154.9800, 12476162
20160916, 155.2600, 158.5300, 153.2100, 153.8400, 21990587
20160909, 159.8800, 161.7600, 155.6500, 155.6900, 15009419
20160902, 158.8300, 160.5700, 158.1000, 159.5500, 11286596
20160826, 160.0000, 161.3400, 157.8500, 158.3200, 13571765
20160819, 162.4000, 162.9700, 159.5200, 160.0400, 14873739
20160812, 162.7300, 164.9500, 161.5200, 161.9500, 19554950
20160805, 160.6500, 163.5100, 159.8000, 163.5000, 15067283
20160729, 162.0000, 163.6000, 160.0300, 160.6200, 13747991
20160722, 159.3000, 162.1700, 157.8900, 162.0700, 24775973
20160715, 154.6000, 161.4000, 154.5000, 159.7800, 18535456
20160708, 151.1900, 154.6000, 149.9200, 154.4600, 10213227
20160701, 146.1800, 152.9700, 142.5000, 152.3500, 19155814
20160624, 152.6000, 155.4800, 146.1800, 146.5900, 22214411
20160617, 151.6300, 152.7200, 149.0000, 151.9900, 15849580
20160610, 153.0900, 154.0900, 151.8600, 152.3700, 14920842
20160603, 152.5600, 153.8100, 151.5400, 152.8900, 13470239
20160527, 147.6100, 152.9300, 146.6600, 152.8400, 14910875
20160520, 147.6500, 149.9900, 143.9550, 147.2500, 16406443
20160513, 147.7000, 151.0900, 147.0100, 147.7200, 17034303
20160506, 146.5600, 147.9700, 142.9000, 147.2900, 21059912
20160429, 148.1600, 150.7800, 144.1910, 145.9400, 16956550
20160422, 151.7500, 153.1400, 142.6100, 148.5000, 37688644
20160415, 150.2600, 152.7600, 148.5800, 151.7200, 17443203
20160408, 152.3400, 153.5200, 147.8100, 149.3500, 18417556
20160401, 147.7500, 153.1000, 147.2300, 152.5200, 20439783
20160324, 147.3000, 149.2800, 144.4900, 147.9500, 17611709
20160318, 142.0100, 147.5100, 141.0400, 147.0900, 29886417
20160311, 137.2800, 142.9236, 136.8718, 142.3600, 23556160
20160304, 132.0000, 139.4200, 130.9000, 137.8000, 22557187
20160226, 133.8400, 134.9200, 129.6800, 132.0300, 20763400
20160219, 121.8300, 134.0000, 121.3400, 133.0800, 23958762
20160212, 126.0000, 127.5100, 116.9010, 121.0400, 32025579
20160205, 124.4000, 128.6400, 122.2900, 128.5700, 25527891
20160129, 122.1000, 124.7900, 120.6500, 124.7900, 27278749
20160122, 130.1100, 132.1000, 118.0000, 122.5000, 44203492
20160115, 131.8100, 134.2799, 128.8700, 130.0300, 29470082
20160108, 135.6000, 136.8900, 131.3200, 131.6300, 25251873
20151231, 137.7400, 140.4400, 136.5400, 137.6200, 13538507
20151224, 135.8300, 139.3050, 134.0200, 138.2500, 16540309
20151218, 135.3100, 139.6500, 134.0200, 134.9000, 27823388
20151211, 140.1600, 140.4100, 133.9100, 134.5700, 21354563
20151204, 138.6100, 141.4000, 137.9900, 140.4300, 22935841
20151127, 138.5300, 139.3400, 137.1200, 138.4600, 13199481
20151120, 131.7900, 138.9150, 131.7900, 138.5000, 21083793
20151113, 137.9200, 138.0800, 131.6500, 131.7500, 25069755
20151106, 140.5000, 142.8000, 137.8700, 138.2500, 21526383
20151030, 144.7500, 145.0000, 137.3300, 140.0800, 34698762
20151023, 149.8500, 149.9700, 139.3000, 144.6800, 42068316
20151016, 152.4000, 152.5800, 148.5800, 150.3900, 17455488
20151009, 145.8200, 153.1470, 145.8200, 152.3900, 19465122
20151002, 144.4200, 145.7100, 140.5600, 144.5800, 19914471
20150925, 145.3900, 146.9800, 141.9500, 145.4200, 16815584
20150918, 147.3700, 149.6800, 143.9800, 144.5100, 20721826
20150911, 145.8600, 149.0400, 144.5100, 147.3700, 13916382
20150904, 147.2600, 148.4000, 141.8500, 143.7000, 21421138
20150828, 143.4700, 148.9700, 140.6200, 147.9800, 32508092
20150821, 155.2000, 156.6900, 148.7000, 148.8500, 19846207
20150814, 156.7700, 157.4652, 153.9500, 155.7500, 17165086
20150807, 161.7000, 161.8500, 154.3350, 155.1200, 20138504
20150731, 159.0000, 162.0600, 158.5000, 161.9900, 15380412
20150724, 172.7900, 173.7800, 159.4100, 159.7500, 37075256
20150717, 167.9300, 172.5200, 167.5200, 172.5100, 17138495
20150710, 163.8300, 167.4000, 162.2317, 166.9500, 18143986
20150702, 163.9200, 165.6100, 162.1200, 165.0900, 12979210
20150626, 167.6500, 169.9700, 165.2300, 165.4600, 20939777
20150619, 165.3300, 168.7200, 164.2500, 166.9900, 20761376
20150612, 167.1700, 170.4400, 163.3700, 166.9900, 18364270
20150605, 170.2100, 171.5601, 167.2000, 167.4000, 13868111
20150529, 172.1100, 172.4800, 169.1300, 169.6500, 12435919
20150522, 173.4400, 174.4400, 171.9300, 172.2200, 11939607
20150515, 172.6500, 174.4100, 168.8400, 173.2600, 13435074
20150508, 174.4700, 176.3000, 168.8600, 172.6800, 16793441
20150501, 170.8900, 175.1303, 170.0200, 173.6700, 21874751
20150424, 162.1000, 171.9100, 161.9000, 169.7800, 35436301
20150417, 162.3700, 164.9600, 160.0300, 160.6700, 17532781
20150410, 159.6900, 163.8400, 158.7020, 162.8600, 13917063
20150402, 161.3100, 163.6000, 158.3900, 160.4500, 16765545
20150327, 162.7700, 165.3500, 158.9100, 160.4000, 23569213
20150320, 155.0500, 163.0000, 154.8000, 162.8800, 25684872
20150313, 158.2000, 161.1500, 153.4000, 154.2800, 26135448
20150306, 161.6800, 161.8900, 158.0600, 158.5000, 21117049
20150227, 164.2300, 164.9900, 159.7700, 161.9400, 22941227
20150220, 159.7500, 164.4900, 159.7300, 163.6500, 14108892
20150213, 156.0000, 160.8000, 155.0800, 160.4000, 18164756
20150206, 154.0000, 158.7100, 151.5100, 156.7200, 22439830
20150130, 158.2600, 159.4600, 149.5200, 153.3100, 32927307
20150123, 156.7000, 157.6000, 151.0700, 155.8700, 31230797
20150116, 159.0000, 159.9700, 153.7400, 157.1400, 23272056
20150109, 161.2700, 161.2700, 154.0300, 159.1100, 24440360
20150102, 162.0000, 163.3100, 159.4500, 162.0600, 15698987
20141226, 158.3300, 163.0900, 158.3300, 162.3400, 12508916
20141219, 155.9300, 160.4100, 150.5000, 158.5100, 34588770
20141212, 163.2900, 163.3300, 155.3300, 155.3800, 23397756
20141205, 161.6400, 164.5200, 161.3500, 163.2700, 20945441
20141128, 161.5400, 163.8600, 161.0100, 162.1700, 17053892
20141121, 164.1600, 164.9700, 159.8000, 160.9200, 22273217
20141114, 161.9000, 164.4900, 161.6100, 164.1600, 20088151
20141107, 164.2500, 164.5400, 160.0500, 162.0700, 20603321
20141031, 162.0000, 165.5900, 161.8000, 164.4000, 27342119
20141024, 166.8450, 170.3310, 161.1000, 162.0800, 69701346
20141017, 185.4900, 186.6500, 178.6900, 182.0500, 24355568
20141010, 189.6900, 190.8900, 185.1000, 185.9300, 15795271
20141003, 188.5100, 190.8500, 186.2400, 188.6700, 14352364
20140926, 193.7200, 194.1400, 188.6100, 190.0600, 16209901
20140919, 191.4200, 195.0000, 190.5800, 194.0000, 20044000
20140912, 190.7500, 192.7800, 189.5100, 191.2800, 12878100
20140905, 192.6800, 192.9700, 190.0600, 191.2000, 9627700
20140829, 191.3900, 194.1330, 190.6600, 192.3000, 11487700
20140822, 188.1000, 192.0700, 187.7600, 190.4100, 11074800
20140815, 187.8100, 188.8800, 186.2800, 187.3800, 10927100
20140808, 189.3500, 189.9500, 183.5800, 186.6300, 14770900
20140801, 194.3000, 196.4000, 188.8600, 189.1500, 19838900
20140725, 191.3000, 195.9000, 189.2500, 194.4000, 19580700
20140718, 188.5500, 195.9500, 188.2100, 192.5000, 34217100
20140711, 187.6100, 188.9000, 186.2100, 188.0000, 14983700
20140703, 181.3300, 188.9900, 180.2600, 188.5300, 18382300
20140627, 181.9200, 183.0000, 179.2700, 181.7100, 17703900
20140620, 182.4000, 184.4700, 181.2350, 181.5500, 24186800
20140613, 186.2200, 187.6400, 180.9100, 182.5600, 18143900
20140606, 184.7600, 187.6500, 183.9200, 186.3700, 14243300
20140530, 184.8000, 185.6500, 182.3300, 184.3600, 15895800
20140523, 186.6100, 187.1600, 184.7000, 185.9400, 14066100
20140516, 191.1200, 193.0300, 185.9300, 187.0600, 19407200
20140509, 191.0500, 191.4900, 186.9300, 190.0800, 13925300
20140502, 191.1400, 196.8600, 190.5800, 191.4400, 21195300
20140425, 189.8000, 193.0000, 189.1100, 189.6300, 22312800
20140417, 196.2400, 198.7100, 187.0100, 190.0100, 30565200
20140411, 191.7200, 199.2100, 191.5700, 195.1900, 30598500
20140404, 191.6400, 195.1300, 191.2800, 191.7700, 29036500
20140328, 187.4300, 195.6300, 187.3700, 190.4500, 35465000
20140321, 182.6600, 188.7000, 182.6600, 186.6700, 30821100
20140314, 187.5500, 188.4500, 182.2100, 182.2100, 24057200
20140307, 183.3300, 188.9200, 182.8200, 187.6800, 20103400
20140228, 182.8200, 186.1200, 182.8200, 185.1700, 20734000
20140221, 183.1800, 185.7100, 182.3200, 182.7900, 19774200
20140214, 176.9700, 184.4300, 176.2500, 183.6900, 21312600
20140207, 176.0200, 177.5600, 172.1900, 177.2500, 25234000
20140131, 179.6050, 179.6500, 175.3400, 176.6800, 25559900
20140124, 190.2300, 190.3900, 179.6400, 179.6400, 38736900
20140117, 186.2600, 190.8100, 183.8600, 190.0900, 27635300
20140110, 187.1500, 190.3500, 185.3000, 187.2600, 22947500
20140103, 185.3200, 187.7900, 184.6700, 186.6400, 15248000
20131227, 181.0500, 186.5000, 180.6100, 185.0800, 12400800
20131220, 173.2200, 182.0000, 172.7300, 180.0200, 32267100
20131213, 177.9900, 178.1520, 172.7300, 172.8000, 21870800
20131206, 179.4600, 179.5900, 175.1600, 177.6700, 24816100
20131129, 180.2500, 180.7600, 177.3100, 179.6800, 20384900
20131122, 183.5200, 186.2400, 179.9200, 181.3000, 25637400
20131115, 180.1900, 184.0487, 179.6600, 183.1900, 25682800
20131108, 179.9000, 181.3900, 177.3500, 179.9900, 25635300
20131101, 177.0400, 182.3200, 176.2000, 179.2300, 25853600
20131025, 174.4200, 179.1000, 172.6301, 176.8500, 29861500
20131018, 185.4100, 186.9900, 172.5700, 173.7800, 45663100
20131011, 181.8500, 186.2300, 178.7100, 186.1600, 20859700
20131004, 185.5600, 186.7400, 183.0000, 184.1000, 16351900
20130927, 190.0600, 192.4100, 186.4500, 186.9200, 15079700
20130920, 193.7000, 194.8900, 190.0200, 190.0200, 22379100
20130913, 183.6800, 193.1000, 183.3100, 192.1700, 18194900
20130906, 183.6300, 185.0000, 182.3100, 183.0300, 11856200
20130830, 185.2700, 187.0000, 181.1000, 182.2700, 15052200
20130823, 185.3000, 186.5700, 183.1685, 185.4200, 14564700
20130816, 186.9700, 189.9900, 185.3400, 185.3400, 16580500
20130809, 195.1600, 195.8800, 186.7900, 187.8200, 20128300
20130802, 196.8300, 197.8300, 193.2215, 195.1600, 15338600
20130726, 193.4000, 197.8300, 193.2804, 197.3500, 14719100
20130719, 192.4200, 200.9400, 191.6800, 193.5400, 31679400
20130712, 195.6000, 195.7800, 190.7800, 192.0700, 20715900
20130705, 192.1500, 195.1600, 190.2600, 194.9300, 12378100
20130628, 193.9900, 196.9000, 188.4100, 191.1100, 25092600
20130621, 203.4400, 206.0900, 193.5401, 195.4600, 22773400
20130614, 206.9700, 206.9800, 200.3400, 202.2000, 14580500
20130607, 208.2500, 210.0500, 201.4700, 206.3500, 17768500
20130531, 207.4400, 211.9800, 206.0400, 208.0200, 16799600
20130524, 208.0200, 210.1500, 204.4200, 205.7200, 20259100
20130517, 204.1800, 209.5000, 202.0400, 208.4400, 21587300
20130510, 203.7900, 205.0000, 201.5200, 204.4700, 18700700
20130503, 194.7800, 205.3190, 194.6500, 204.5100, 26809200
20130426, 191.1500, 195.1700, 187.6800, 194.3100, 27976600
20130419, 210.4400, 212.0000, 189.7600, 190.0000, 35696400
20130412, 209.0700, 213.0900, 207.3300, 211.3800, 15273700
20130405, 212.8000, 214.8900, 206.3400, 209.4100, 16247600
20130328, 212.5400, 213.4400, 209.7350, 213.3000, 12516100
20130322, 212.9000, 215.8200, 210.1100, 212.0800, 18085500
20130315, 210.0400, 215.9000, 209.0400, 214.9200, 23433000
20130308, 202.5900, 210.7400, 202.5500, 210.3800, 18680900
20130301, 201.6700, 203.1230, 197.5100, 202.9100, 19419000
20130222, 200.6000, 201.8900, 198.1100, 201.0900, 13744500
20130215, 200.9800, 201.9500, 199.0200, 200.9800, 14498300
20130208, 204.1900, 205.0200, 198.6800, 201.6800, 16419900
20130201, 204.8500, 206.2200, 202.9600, 205.1800, 15901300
20130125, 194.3600, 208.5800, 194.0100, 204.9700, 27508900
20130118, 192.8200, 195.0000, 190.3900, 194.4700, 19748400
20130111, 193.4000, 195.0000, 191.2800, 194.4500, 16589700
20130104, 189.2300, 196.3500, 188.8400, 193.9900, 15943900
20121228, 193.0500, 193.8300, 189.8300, 189.8300, 11911900
20121221, 191.7600, 196.4500, 191.5700, 193.4200, 24598600
20121214, 192.1700, 194.8000, 191.2600, 191.7600, 19274500
20121207, 190.7600, 192.2000, 186.9400, 191.9500, 18850300
20121130, 192.4500, 193.3700, 189.2700, 190.0700, 21119100
20121123, 188.6200, 193.4900, 188.2500, 193.4900, 15826300
20121116, 190.0300, 190.8800, 184.7800, 186.9400, 18951000
20121109, 192.3600, 196.7500, 188.8800, 189.6400, 17977200
20121102, 194.8000, 198.0000, 193.2900, 193.4300, 14071200
20121026, 193.7100, 194.6800, 190.5600, 193.2700, 19824000
20121019, 208.8800, 211.0000, 193.1800, 193.3600, 37283100
20121012, 210.0200, 210.7400, 205.0500, 207.8000, 15209500
20121005, 208.0100, 211.7900, 207.9400, 210.5900, 17786100
20120928, 205.0200, 208.3200, 203.9000, 207.4500, 17962400
20120921, 205.5500, 207.9900, 205.3000, 205.9800, 24867400
20120914, 199.3900, 207.6500, 198.7300, 206.8100, 19339300
20120907, 196.6100, 199.5000, 193.2500, 199.5000, 15172300
20120831, 197.9600, 198.3000, 193.1800, 194.8500, 13113600
20120824, 200.6900, 201.1300, 194.2000, 197.7700, 14140300
20120817, 198.8800, 202.0000, 197.7200, 201.2200, 12373700
20120810, 198.7600, 200.8800, 197.2400, 199.2900, 12376100
20120803, 196.3200, 198.9500, 193.0200, 198.5200, 14944000
20120727, 189.7800, 197.4100, 188.2000, 196.3900, 18795600
20120720, 185.5800, 196.8500, 183.2000, 192.4500, 31507600
20120713, 190.7600, 191.1400, 181.8500, 186.0100, 22998800
20120706, 196.3600, 197.2000, 189.7400, 191.4100, 11920500
20120629, 192.4800, 195.8100, 188.9000, 195.5800, 18637100
20120622, 197.5700, 199.9900, 193.1900, 193.7000, 23194300
20120615, 196.6000, 199.2700, 192.1400, 199.1000, 19518700
20120608, 188.3400, 195.8299, 187.0000, 195.1400, 18002600
20120601, 195.2200, 198.0800, 188.6000, 189.0800, 21714900
20120525, 195.9800, 198.2600, 193.2000, 194.3000, 17970000
20120518, 199.9200, 201.4679, 195.1600, 195.8800, 22381000
20120511, 203.9600, 204.7700, 199.0600, 201.1700, 17219400
20120504, 206.7100, 208.9290, 204.4000, 204.9900, 14699600
20120427, 197.8900, 208.1700, 196.7910, 206.8100, 20048100
20120420, 204.7400, 207.6400, 197.5210, 199.6000, 30566700
20120413, 204.4000, 206.1700, 202.1700, 202.8000, 17522600
20120405, 208.9600, 210.6900, 204.4600, 205.4700, 15692400
20120330, 206.4500, 209.1200, 206.0200, 208.6500, 16007300
20120323, 205.7100, 206.5300, 203.7020, 205.4800, 17132200
20120316, 200.9300, 207.5200, 200.2300, 206.0100, 25846100
20120309, 198.3600, 201.1900, 196.8120, 200.6200, 21823600
20120302, 196.7800, 199.1700, 196.1000, 198.8100, 19330600
20120224, 193.7300, 199.2300, 192.4600, 197.7600, 17955300
20120217, 193.3100, 193.8600, 190.8310, 193.4200, 17149800
20120210, 192.4800, 194.4600, 191.2800, 192.4200, 18144100
20120203, 189.3900, 194.8100, 188.2200, 193.6400, 22703600
20120127, 187.9100, 192.7900, 187.6700, 190.4600, 22822200
20120120, 180.3600, 188.9700, 179.3200, 188.5200, 32020900
20120113, 182.2000, 183.7200, 177.3472, 179.1600, 26633200
20120106, 186.7300, 188.7100, 182.3100, 182.5400, 19352900
20111230, 184.9700, 186.4800, 183.3400, 183.8800, 12119700
20111223, 184.5100, 187.3300, 179.0400, 184.7500, 27166800
20111216, 193.6400, 194.3000, 181.9100, 183.5700, 30186100
20111209, 191.1800, 194.9000, 190.3200, 194.5600, 24142900
20111202, 182.7100, 191.3300, 180.6700, 189.6600, 25843600
20111125, 183.3700, 183.9600, 177.0600, 177.0600, 16357400
20111118, 189.1700, 189.9700, 183.3900, 185.2400, 25522100
20111111, 186.2200, 187.8800, 181.1600, 187.3800, 20903100
20111104, 185.5900, 187.7800, 180.7400, 186.3800, 22918900
20111028, 181.5100, 188.0700, 179.0300, 187.4500, 28719000
20111021, 189.7100, 190.1600, 176.1700, 181.6300, 46796000
20111014, 183.0000, 190.5300, 182.9000, 190.5300, 26220900
20111007, 174.3600, 183.7200, 168.8800, 182.3900, 38117800
20110930, 170.9600, 180.9100, 169.8600, 174.8700, 36868400
20110923, 169.5000, 177.6700, 165.7600, 169.3400, 31790500
20110916, 159.6400, 172.9900, 158.7600, 172.9900, 33464200
20110909, 163.0600, 169.5800, 160.8100, 161.3700, 25328900
20110902, 170.5800, 173.7200, 166.0000, 166.9800, 26288300
20110826, 161.3500, 169.3300, 157.6200, 169.1400, 33789200
20110819, 171.3200, 174.0000, 157.1300, 157.5400, 47511700
20110812, 168.8300, 172.6100, 161.8500, 168.2000, 56678700
20110805, 182.6000, 183.6900, 166.5200, 172.9800, 41229200
20110729, 183.8900, 184.9600, 179.7300, 181.8500, 26294400
20110722, 174.7300, 185.6300, 173.5800, 185.1800, 37500900
20110715, 174.9000, 176.3200, 173.8400, 175.5400, 23838300
20110708, 173.5200, 177.7700, 173.5200, 176.4900, 20777900
20110701, 165.7400, 174.6500, 165.2100, 174.5400, 23400700
20110624, 163.7000, 166.8100, 163.5900, 165.0700, 22978000
20110617, 164.4400, 165.1000, 161.5200, 164.4400, 29385600
20110610, 164.7600, 165.9600, 162.8700, 163.1800, 20640600
20110603, 168.4400, 169.8900, 164.1300, 165.0500, 23342600
20110527, 168.5800, 168.6900, 165.9000, 167.5000, 22718600
20110520, 169.8100, 171.4100, 166.5300, 170.1600, 25997900
20110513, 168.3900, 172.7700, 167.8200, 169.9200, 23498700
20110506, 172.1100, 173.5400, 167.5000, 168.8900, 29465600
20110429, 167.6500, 173.0000, 167.2300, 170.5800, 26858900
20110421, 164.6400, 168.4500, 162.1900, 168.2800, 29758000
20110415, 163.4400, 166.3400, 162.3000, 166.2100, 22168000
20110408, 164.4200, 164.7500, 163.1600, 164.0500, 17602700
20110401, 161.5400, 164.4200, 161.1200, 164.2700, 19066300
20110325, 157.6400, 162.7400, 157.0700, 162.1800, 25371800
20110318, 161.1600, 161.9804, 151.7100, 155.8900, 41798000
20110311, 161.6000, 167.7200, 158.8500, 162.4300, 31095800
20110304, 162.3600, 164.3100, 159.4100, 161.8300, 21537300
20110225, 163.5700, 164.2600, 159.0300, 162.2800, 21433300
20110218, 164.1800, 164.8400, 162.5200, 164.8400, 18590000
20110211, 164.0800, 166.2500, 163.1800, 163.8500, 26097300
20110204, 159.1800, 164.2000, 158.6800, 164.0000, 25371100
20110128, 155.4200, 164.3500, 155.3300, 159.2100, 32502900
20110121, 149.8200, 156.7800, 149.3800, 155.5000, 35766800
20110114, 147.5800, 150.0000, 146.7500, 150.0000, 19878500
20110107, 147.2100, 148.8600, 146.6400, 147.9300, 23486200
20101231, 145.1200, 147.5000, 145.0000, 146.7600, 14684300
20101223, 145.3900, 146.4000, 144.3300, 145.8900, 13585400
20101217, 145.1400, 146.0100, 144.1500, 145.0000, 28194800
20101210, 144.5400, 146.2999, 143.5200, 144.8200, 21020900
20101203, 143.5300, 145.8500, 141.2800, 145.3800, 28622500
20101126, 144.0000, 146.4400, 142.3300, 143.9000, 15256400
20101119, 143.8900, 145.3500, 141.1800, 145.0500, 24207800
20101112, 145.3500, 147.5300, 143.3500, 143.7400, 24816000
20101105, 143.6400, 146.9300, 142.3200, 146.9200, 27101400
20101029, 140.4200, 144.0000, 138.5300, 143.6000, 32583300
20101022, 140.9000, 143.0300, 136.7000, 139.6700, 41753800
20101015, 138.7900, 142.1000, 138.2700, 141.0600, 31299400
20101008, 135.2300, 139.0900, 134.3900, 138.8500, 26027000
20101001, 133.5100, 136.2800, 133.5100, 135.6400, 30834900
20100924, 130.2400, 134.1500, 130.1100, 134.1100, 28357000
20100917, 128.6300, 130.6000, 128.4300, 130.1900, 29966700
20100910, 126.9900, 128.2900, 125.3900, 127.9900, 16686200
20100903, 125.0800, 127.6000, 122.2800, 127.5800, 25097500
20100827, 127.5700, 128.0300, 122.4200, 124.7300, 28851700
20100820, 127.4700, 130.1950, 126.9600, 127.5000, 24839400
20100813, 130.7900, 132.4900, 127.3300, 127.8700, 27721100
20100806, 129.2500, 131.9800, 128.7600, 130.1400, 26753600
20100730, 128.1800, 129.5000, 127.0400, 128.4000, 29087100
20100723, 128.6700, 130.3800, 122.9300, 128.3800, 45328500
20100716, 127.3700, 131.6000, 127.1600, 128.0300, 30691500
20100709, 123.5800, 128.2000, 122.1700, 127.9600, 22776300
20100702, 127.6500, 129.4700, 120.6100, 121.8600, 39925900
20100625, 131.4200, 131.9400, 127.1200, 127.1200, 35729700
20100618, 128.5000, 131.2500, 128.3400, 130.1500, 34958900
20100611, 125.5700, 128.8000, 122.8200, 128.4500, 36446000
20100604, 124.6900, 128.2200, 124.2000, 125.2800, 31155200
20100528, 125.2600, 126.3900, 121.4700, 125.2600, 40594400
20100521, 130.6800, 131.9900, 121.4000, 125.4200, 52738700
20100514, 126.2700, 133.1000, 125.0600, 131.1900, 52007600
20100507, 129.3900, 130.1400, 116.0000, 122.1000, 43103500
20100430, 129.7600, 132.0000, 128.7100, 129.0000, 35378000
20100423, 130.3800, 132.2800, 127.7700, 129.9900, 46345200
20100416, 128.5700, 132.1700, 127.8400, 130.6300, 35328700
20100409, 128.3800, 129.8000, 127.1200, 128.7600, 24394000
20100401, 129.3000, 129.9500, 127.5500, 128.2500, 17954900
20100326, 127.1100, 130.7300, 126.5700, 129.2600, 31453700
20100319, 127.4000, 128.9300, 126.7800, 127.7100, 32679700
20100312, 127.0600, 128.3700, 125.2000, 127.9400, 33736000
20100305, 127.5000, 129.0900, 125.4700, 127.2500, 29153500
20100226, 127.3000, 128.2700, 125.5700, 127.1600, 23624900
20100219, 124.9100, 128.0600, 124.1100, 127.1900, 24433700
20100212, 123.1500, 124.2000, 121.6100, 124.0000, 30088800
20100205, 123.2300, 126.0700, 121.8300, 122.9700, 35063800
20100129, 126.3300, 127.7500, 121.9000, 122.3900, 42786400
20100122, 131.6300, 134.2500, 125.3700, 125.5000, 48810900
20100115, 131.0600, 132.8900, 128.6700, 131.7800, 35873500
20100108, 131.1800, 132.9700, 128.9100, 130.8500, 28639800
20091231, 130.9900, 132.8500, 130.6800, 130.9000, 18075000
20091224, 127.8000, 130.5700, 127.6800, 130.5700, 18700700
20091218, 129.6500, 129.9800, 127.0000, 127.9100, 34452500
20091211, 126.8800, 129.7700, 126.1100, 129.6800, 29242700
20091204, 125.1200, 128.9000, 124.9200, 127.2500, 30307700
20091127, 127.7000, 128.9400, 124.2600, 125.7000, 19106900
20091120, 127.1700, 128.6550, 126.4600, 126.9600, 23482700
20091113, 123.9200, 127.8000, 123.4900, 127.0300, 31065000
20091106, 120.6100, 123.5000, 119.5000, 123.4900, 30790900
20091030, 120.6100, 124.3000, 119.1500, 120.6100, 38785400
20091023, 121.7600, 124.1100, 120.0000, 120.3600, 36292000
20091016, 125.4400, 128.6100, 121.2500, 121.6400, 55978800
20091009, 118.9000, 126.0000, 118.1300, 125.9300, 37825500
20091002, 120.5200, 122.0000, 117.2600, 119.0200, 37380100
20090925, 121.0300, 122.7400, 120.1000, 121.0800, 26232600
20090918, 117.0000, 122.8800, 116.9400, 122.1100, 40859700
20090911, 117.9400, 119.2500, 116.1600, 118.0500, 21828700
20090904, 117.1000, 118.9300, 115.1500, 117.4600, 25309900
20090828, 119.9200, 120.8800, 117.5100, 118.2200, 26123700
20090821, 116.6900, 120.0100, 116.1200, 119.9000, 27622200
20090814, 118.1700, 119.9600, 117.3200, 118.5700, 25401100
20090807, 118.8800, 119.9600, 116.7000, 119.3300, 27893800
20090731, 116.9500, 119.3700, 116.0500, 117.9300, 28085700
20090724, 114.5300, 118.1500, 114.3900, 117.6400, 42520000
20090717, 101.2800, 115.5300, 100.1900, 115.4200, 58793700
20090710, 101.5700, 102.7800, 99.5000, 100.8300, 34208000
20090702, 105.9900, 106.2700, 101.7300, 101.7300, 24758400
20090626, 105.1800, 106.7850, 103.5100, 105.6800, 30871700
20090619, 107.6300, 109.1400, 105.5000, 105.8900, 42930700
20090612, 106.6400, 110.6400, 105.5000, 108.2100, 38913000
20090605, 106.9400, 108.8000, 105.1100, 107.2400, 35592300
20090529, 101.3200, 106.5000, 101.0200, 106.2800, 27330100
20090522, 102.0000, 106.1200, 101.7400, 101.8900, 34599500
20090515, 101.0900, 104.3800, 100.5700, 101.3700, 42229200
20090508, 105.2600, 106.8200, 99.8300, 101.4900, 42691700
20090501, 99.6100, 106.0500, 99.2500, 104.6100, 46394300
20090424, 100.2900, 103.8600, 98.2000, 100.0800, 59469300
20090417, 100.2800, 102.0400, 96.4400, 101.2700, 41711800
20090409, 100.9000, 102.4500, 98.5200, 101.7000, 32887100
20090403, 92.0000, 102.6600, 91.8000, 102.2200, 64912500
20090327, 93.7000, 99.8600, 92.7500, 94.1500, 60950700
20090320, 91.3400, 95.0000, 89.4100, 92.5100, 63330900
20090313, 84.7000, 90.6500, 83.0200, 90.3600, 61831600
20090306, 91.1700, 91.9000, 83.8100, 85.8100, 74483600
20090227, 89.3000, 93.2800, 82.8500, 92.0300, 77805700
20090220, 91.7300, 92.4900, 87.3400, 88.7900, 42419500
20090213, 95.9300, 96.9800, 92.2000, 93.8400, 49132900
20090206, 90.6000, 97.1000, 89.6900, 96.1400, 53659500
20090130, 89.7700, 94.9400, 89.5200, 91.6500, 50819300
20090123, 84.7600, 91.6000, 81.7600, 89.4900, 61309500
20090116, 84.5700, 86.6000, 82.1100, 84.9200, 48180000
20090109, 86.4200, 90.4100, 84.2500, 84.7000, 41092400
20090102, 81.7200, 87.5900, 79.6800, 87.3700, 26062900
20081226, 83.2700, 83.4500, 79.9200, 81.3300, 18974200
20081219, 82.5100, 87.2700, 80.0000, 83.5200, 50128100
20081212, 82.5700, 85.8800, 78.0600, 82.2000, 49785100
20081205, 80.9500, 81.5000, 75.3100, 80.5900, 51454000
20081128, 75.7400, 82.4000, 75.0000, 81.6000, 39691800
20081121, 79.4000, 81.0000, 69.5000, 74.8800, 73411500
20081114, 87.9900, 88.1000, 75.4000, 80.3300, 58194400
20081107, 92.6400, 94.7600, 84.2500, 86.2700, 47015300
20081031, 80.2700, 94.1900, 79.0100, 92.9700, 60537100
20081024, 92.2100, 93.3100, 78.8200, 82.0700, 58306900
20081017, 90.4400, 99.0000, 84.3500, 90.7800, 75048600
20081010, 101.2100, 103.0000, 83.5100, 87.7500, 86848900
20081003, 117.4400, 118.4300, 103.0300, 103.4400, 62809100
20080926, 118.4500, 121.9900, 114.1400, 119.4200, 34730600
20080919, 115.3600, 124.0000, 110.6100, 118.8500, 66307100
20080912, 118.0000, 119.9500, 115.0000, 118.9700, 46783800
20080905, 122.8700, 124.0000, 113.1700, 114.3300, 42011600
20080829, 124.4800, 125.4500, 121.5000, 121.7300, 30493600
20080822, 126.4900, 127.0000, 121.5500, 124.9300, 34457400
20080815, 128.4300, 128.4300, 124.4000, 126.3600, 32724200
20080808, 126.7700, 129.9700, 126.2500, 128.8100, 34413900
20080801, 127.6900, 129.5000, 126.1300, 126.6400, 28699300
20080725, 129.8300, 130.9300, 127.2600, 128.5300, 45950300
20080718, 121.8000, 130.0000, 119.9000, 129.8900, 59542700
20080711, 119.6200, 124.5000, 119.6200, 122.1200, 47346100
20080703, 119.9900, 120.7800, 116.6000, 119.5400, 32716800
20080627, 123.0000, 125.8300, 118.2600, 120.0500, 41907700
20080620, 125.4600, 127.1400, 122.3600, 122.7400, 35367900
20080613, 125.3800, 126.7220, 122.8600, 126.1500, 31303600
20080606, 128.6700, 129.3700, 124.7400, 124.9400, 35309300
20080530, 124.0100, 129.9900, 124.0000, 129.4300, 33079200
20080523, 127.6800, 128.2100, 123.0200, 124.2000, 31469600
20080516, 123.8000, 128.8300, 123.5600, 127.8200, 40848500
20080509, 122.7600, 125.1700, 120.7800, 124.0600, 38973400
20080502, 122.9800, 124.4300, 120.5000, 123.1800, 36106300
20080425, 122.0500, 124.9000, 122.0500, 123.0800, 32273700
20080418, 116.2000, 125.0000, 115.5400, 124.4000, 67195200
20080411, 116.3700, 119.2200, 115.2800, 116.0000, 38989700
20080404, 113.9500, 118.3700, 113.3400, 115.7600, 42376300
20080328, 118.5700, 119.7900, 114.2100, 114.5700, 41496800
20080320, 113.0000, 118.5000, 113.0000, 118.3300, 39979100
20080314, 113.1200, 118.0000, 112.6900, 115.2301, 48594600
20080307, 114.0900, 116.4100, 111.8000, 113.9400, 39506500
20080229, 107.6800, 116.6300, 107.4300, 113.8600, 54366700
20080222, 106.7900, 109.6000, 104.5300, 108.0700, 31292600
20080215, 102.9000, 108.9300, 102.8700, 106.1600, 33932900
20080208, 108.4000, 109.0000, 100.6000, 103.2700, 40641500
20080201, 104.4100, 109.4000, 103.7000, 109.0800, 39007500
20080125, 99.1600, 107.7900, 98.5000, 104.5200, 57768700
20080118, 105.0000, 106.7200, 100.0500, 103.4000, 78126300
20080111, 100.3550, 101.0000, 97.0400, 97.6700, 52601500
20080104, 109.2500, 110.0000, 100.4800, 101.1300, 33799300
20071228, 111.2000, 112.1900, 109.1080, 110.0900, 16539900
20071221, 105.3700, 111.1600, 104.0000, 111.0500, 43481700
20071214, 109.0000, 110.4000, 104.1000, 105.7700, 36725700
20071207, 105.4500, 110.0000, 104.5800, 108.8600, 31672000
20071130, 104.4000, 109.1900, 101.5000, 105.1800, 46569900
20071123, 104.3400, 105.3900, 101.3400, 104.0500, 27820500
20071116, 101.8900, 106.4200, 100.7000, 104.7900, 50102700
20071109, 115.1100, 115.1100, 99.2700, 100.2542, 62718300
20071102, 113.9000, 116.2500, 113.2800, 114.5900, 30044700
20071026, 110.9700, 114.8000, 110.9600, 113.7300, 32762600
20071019, 117.9500, 119.9400, 111.8000, 112.2800, 53958800
20071012, 116.1000, 121.4600, 115.8800, 117.8100, 35082300
20071005, 117.6100, 119.6000, 115.0000, 116.3000, 33529800
20070928, 116.9000, 118.5000, 115.7900, 117.8000, 33029400
20070921, 114.7000, 118.1000, 114.3000, 116.7800, 38076800
20070914, 116.1500, 117.7800, 114.6500, 115.1300, 32211300
20070907, 116.3400, 118.8900, 115.3300, 115.5500, 28916300
20070831, 113.0000, 117.3500, 111.6300, 116.6900, 32617900
20070824, 110.9000, 113.2500, 108.0800, 113.2400, 39957700
20070817, 112.9900, 113.9500, 103.7000, 110.9000, 55388900
20070810, 111.9700, 114.6000, 109.7000, 112.6400, 41626500
20070803, 115.6200, 115.7500, 110.0200, 111.8900, 66192100
20070727, 114.8800, 118.8200, 114.8500, 115.6200, 64841000
20070720, 108.5700, 116.4800, 108.4200, 114.8100, 55626100
20070713, 108.7300, 109.6500, 108.1000, 108.6000, 34811600
20070706, 105.3900, 109.6600, 104.5800, 109.0300, 24567300
20070629, 104.7300, 106.9200, 104.1000, 105.2500, 31559100
20070622, 105.2700, 107.0200, 104.4400, 104.4400, 35051000
20070615, 102.8700, 105.1900, 102.1000, 105.0900, 34517000
20070608, 106.5000, 106.5900, 101.5600, 103.0700, 63185700
20070601, 105.5700, 107.6700, 105.2100, 106.5400, 23208200
20070525, 107.1500, 108.0000, 103.5700, 105.1800, 30271700
20070518, 105.8100, 108.0500, 104.5300, 107.9900, 35014200
20070511, 102.7600, 105.9900, 102.2100, 105.9800, 34979100
20070504, 101.1100, 103.1700, 100.9700, 102.9600, 38307800
20070427, 95.3500, 101.7000, 95.0500, 101.1700, 58275300
20070420, 94.9900, 97.6600, 93.9110, 94.5800, 51786700
20070413, 96.4300, 96.9400, 94.5300, 94.9300, 27497000
20070405, 94.5100, 96.7500, 94.0600, 96.5200, 19197800
20070330, 94.8400, 95.2500, 93.5700, 94.2600, 34042800
20070323, 93.9500, 95.8100, 93.3900, 95.0300, 26906600
20070316, 93.2900, 94.4700, 92.1000, 93.2500, 36423000
20070309, 90.2500, 94.8500, 90.1000, 93.2800, 43505100
20070302, 97.8600, 97.8600, 88.7700, 90.9000, 52427400
20070223, 98.6600, 99.5000, 97.4100, 97.7300, 20682500
20070216, 98.8000, 99.5200, 97.8000, 98.9900, 27047900
20070209, 99.1700, 100.4400, 97.8100, 98.5500, 34668400
20070202, 98.1000, 99.7300, 97.4500, 99.1700, 34172300
20070126, 96.4200, 97.9200, 96.1200, 97.4500, 41549100
20070119, 99.4000, 100.9000, 94.5500, 96.1700, 58474800
20070112, 98.5000, 100.3300, 97.9300, 99.3400, 44830200
20070105, 97.1700, 98.7900, 96.2600, 97.4200, 26942600
20061229, 95.0000, 97.8800, 94.9200, 97.1500, 15807900
20061222, 94.9500, 96.5000, 94.8000, 95.2500, 24009800
20061215, 93.7200, 95.8000, 93.3000, 95.3000, 30414900
20061208, 92.5000, 94.8700, 92.2500, 93.8600, 28792200
20061201, 92.7100, 93.2400, 90.4300, 91.2500, 27785200
20061124, 93.7700, 93.8000, 92.8000, 93.3500, 13559900
20061117, 91.7500, 94.0500, 91.4100, 93.8100, 23826600
20061110, 91.5000, 93.4000, 91.5000, 91.7600, 29456500
20061103, 90.3000, 92.6800, 89.8000, 91.4100, 30108500
20061027, 90.0500, 92.0000, 90.0100, 90.7600, 35037300
20061020, 86.0800, 92.0400, 85.7500, 90.4800, 67866100
20061013, 83.1400, 86.2100, 83.0000, 86.0800, 26864000
20061006, 81.7600, 83.7800, 81.5600, 83.1400, 25738600
20060929, 81.6400, 82.7900, 81.2800, 81.9400, 25658300
20060922, 82.5600, 83.7900, 81.0100, 81.2100, 30290000
20060915, 80.6000, 83.5900, 80.2500, 82.9400, 27425800
20060908, 81.1900, 81.5400, 79.3100, 80.6600, 16108000
20060901, 79.9100, 81.6800, 79.7600, 81.4100, 22236900
20060825, 79.5100, 80.0000, 78.4200, 79.8800, 18060100
20060818, 75.8500, 79.9700, 75.6000, 79.9000, 29303900
20060811, 75.6300, 76.2800, 75.0500, 75.4800, 19054700
20060804, 76.4400, 77.5000, 74.9000, 75.9100, 20900500
20060728, 74.9200, 77.3000, 74.9200, 76.9600, 25666400
20060721, 73.3400, 77.0600, 72.7300, 74.8600, 50614500
20060714, 76.1800, 76.8300, 73.3700, 73.5700, 37325800
20060707, 77.5400, 78.5300, 76.1200, 76.4200, 18199800
20060630, 77.0400, 77.9300, 76.0600, 76.8200, 26797500
20060623, 78.0600, 78.5600, 76.9400, 77.1000, 27070000
20060616, 77.6800, 78.7800, 76.8200, 77.9500, 33150500
20060609, 79.1000, 80.7400, 76.7500, 78.0100, 40341000
20060602, 80.3500, 80.9600, 79.1500, 79.5200, 23532800
20060526, 79.9400, 81.3000, 79.0000, 80.7500, 26222700
20060519, 81.8000, 83.2500, 79.5100, 80.2800, 28629900
20060512, 82.6000, 83.6900, 82.3000, 82.3900, 22319900
20060505, 82.5900, 83.5500, 82.0000, 82.9800, 24540000
20060428, 81.3000, 84.4000, 81.1000, 82.3400, 36485300
20060421, 81.7700, 84.0000, 81.2600, 81.6600, 35449300
20060413, 82.4900, 82.7400, 80.6300, 81.9800, 18292300
20060407, 82.7200, 84.4500, 82.4400, 82.4800, 23780100
20060331, 82.9800, 83.7000, 82.2000, 82.4700, 23139800
20060324, 83.1100, 84.9900, 82.9300, 83.3600, 25547800
20060317, 81.5600, 83.7600, 81.4500, 83.3000, 25173700
20060310, 80.0500, 82.2500, 79.8600, 81.5700, 23708100
20060303, 80.0000, 80.8900, 79.5100, 79.9600, 23693200
20060224, 80.1000, 81.6500, 79.8500, 80.1000, 20014900
20060217, 81.3300, 81.9100, 80.1300, 80.7100, 26994200
20060210, 79.9400, 81.4600, 78.9300, 81.3300, 32826100
20060203, 81.0200, 82.2400, 79.7200, 79.9700, 33566000
20060127, 81.3300, 82.1500, 80.5900, 81.0200, 32471000
20060120, 82.8000, 84.7000, 81.2500, 81.3600, 34792500
20060113, 83.9000, 84.8100, 82.5000, 83.1700, 30173200
20060106, 82.4500, 85.0300, 80.8100, 84.9500, 36958200
20051230, 83.4800, 84.5000, 81.5600, 82.2000, 17622000
20051223, 83.2300, 84.2000, 82.0600, 83.4800, 27298200
20051216, 87.0100, 87.3500, 82.7500, 83.3700, 39305300
20051209, 88.4000, 89.9200, 86.3300, 86.9700, 26427900
20051202, 88.8000, 89.9400, 88.3600, 88.6500, 25765400
20051125, 87.6000, 89.3900, 86.8800, 88.8000, 18193100
20051118, 84.2500, 88.0000, 84.0300, 87.7700, 30719600
20051111, 83.1000, 84.8400, 82.3000, 84.5500, 21762600
20051104, 81.5100, 83.3000, 80.6400, 83.0000, 31154000
20051028, 83.1500, 83.9500, 80.5000, 81.4200, 25793400
20051021, 82.3600, 84.6000, 81.9300, 83.3300, 39286100
20051014, 81.2400, 83.5200, 81.0800, 82.3500, 36349300
20051007, 80.2200, 81.4700, 78.7000, 80.5000, 30921800
20050930, 78.3100, 80.5500, 76.9300, 80.2200, 30116700
20050923, 79.7400, 79.9800, 77.3000, 78.0000, 31701800
20050916, 81.0300, 82.1100, 79.6700, 80.3300, 25110400
20050909, 79.7000, 81.5200, 79.7000, 81.4400, 18681300
20050902, 80.0000, 81.7500, 79.3400, 79.4600, 25171500
20050826, 82.7500, 83.3500, 80.2600, 80.3800, 22210500
20050819, 81.9000, 83.3000, 80.8000, 82.7600, 22885800
20050812, 83.4100, 84.0100, 81.6200, 82.1900, 22568800
20050805, 83.0000, 84.2000, 82.7300, 83.3600, 22265700
20050729, 83.9800, 84.5200, 82.8100, 83.4600, 24382900
20050722, 81.9900, 85.1100, 81.6800, 84.4400, 45014200
20050715, 79.4000, 82.7500, 78.5200, 82.3800, 45662500
20050708, 74.3800, 79.5200, 74.1600, 79.3000, 37388800
20050701, 74.0100, 75.6800, 73.4500, 74.6700, 30677800
20050624, 76.0300, 77.4900, 74.0000, 74.0100, 33289800
20050617, 74.5000, 77.7300, 74.4500, 76.3900, 33568000
20050610, 75.8000, 76.0900, 74.1000, 74.7700, 24804200
20050603, 76.6000, 77.5000, 75.5000, 75.7900, 23975100
20050527, 76.3000, 77.4100, 75.1700, 77.1000, 24899800
20050520, 73.0900, 77.6400, 73.0900, 76.4100, 34306900
20050513, 75.2600, 75.4600, 72.5000, 73.1600, 33727100
20050506, 76.8800, 78.1100, 74.9700, 75.2600, 39063200
20050429, 75.2400, 77.1800, 74.0500, 76.3800, 51112000
20050422, 77.1500, 77.7500, 71.8500, 74.2100, 70090000
20050415, 87.3500, 87.5600, 76.3300, 76.7000, 62144400
20050408, 90.0800, 90.6200, 87.5000, 87.6000, 27677900
20050401, 90.7100, 91.7600, 90.0400, 90.4400, 25553000
20050324, 89.4200, 91.5500, 89.2600, 90.7000, 18904100
20050318, 91.5000, 92.2700, 89.0900, 89.2800, 25767500
20050311, 92.3500, 93.0000, 91.2000, 91.5100, 24562700
20050304, 92.5300, 93.7300, 92.2000, 92.3700, 22028900
20050225, 92.6700, 93.5000, 91.5500, 92.8000, 18680300
20050218, 93.1600, 94.9700, 92.5500, 93.2700, 20002800
20050211, 94.3500, 94.9000, 92.3000, 93.3000, 21103700
20050204, 93.6500, 94.7400, 93.0000, 94.5100, 19731000
20050128, 92.7000, 93.5900, 91.4400, 92.8900, 27667500
20050121, 93.6500, 95.3400, 92.2300, 92.3800, 28556000
20050114, 95.7800, 96.2000, 93.5500, 94.1000, 26060300
20050107, 98.9700, 99.1000, 95.4700, 95.7800, 27415300
20041231, 97.6900, 99.0000, 97.3700, 98.5800, 17501200
20041223, 96.3500, 98.0000, 96.3500, 97.7200, 18152400
20041217, 96.8500, 98.1500, 96.0800, 96.2000, 27720400
20041210, 96.8800, 98.2500, 95.7100, 96.6700, 26952800
20041203, 94.9400, 97.6300, 94.2400, 97.0800, 29413700
20041126, 94.3000, 95.7900, 94.1600, 94.7200, 17298900
20041119, 95.0800, 96.6300, 94.2500, 94.4500, 27259900
20041112, 92.5000, 95.5000, 92.5000, 95.3200, 28090600
20041105, 89.3300, 93.5200, 89.2300, 93.2800, 30762600
20041029, 87.3600, 90.2700, 87.3100, 89.7500, 27890400
20041022, 84.3000, 89.7300, 84.2900, 87.3900, 39927800
20041015, 86.7700, 87.2000, 84.3000, 84.8500, 24456500
20041008, 87.0000, 88.1000, 86.5100, 86.7100, 21303400
20041001, 84.1000, 86.9800, 83.8800, 86.7200, 22465000
20040924, 85.4000, 86.4300, 83.2400, 84.4300, 23167900
20040917, 87.0000, 87.2800, 85.4400, 85.7400, 23207800
20040910, 84.7000, 87.0000, 84.6000, 86.7600, 17994900
20040903, 84.5700, 85.0900, 83.6500, 84.3900, 17286100
20040827, 85.2300, 85.4500, 84.3500, 84.9400, 16955800
20040820, 83.7000, 85.3500, 83.5100, 85.2500, 21524300
20040813, 83.4800, 84.9900, 81.9000, 83.9100, 26196900
20040806, 86.8700, 87.3900, 83.4200, 83.4800, 20815300
20040730, 84.8500, 87.4000, 84.5100, 87.0700, 22923000
20040723, 84.5000, 87.1100, 84.4000, 84.8500, 28063300
20040716, 84.0000, 86.4800, 83.4200, 84.2800, 35836700
20040709, 86.5000, 86.7300, 83.5100, 83.8900, 26209600
20040702, 89.7100, 89.9000, 86.5700, 87.0400, 21510400
20040625, 90.4000, 90.9200, 88.9400, 89.5500, 22021500
20040618, 90.0500, 91.2100, 89.6200, 90.0600, 22426400
20040610, 88.7500, 90.7500, 88.0100, 90.4600, 18366900
20040604, 88.0900, 88.6400, 87.3000, 87.5600, 15611800
20040528, 87.7500, 89.0800, 86.5500, 88.5900, 20742800
20040521, 85.3000, 88.8800, 85.1500, 87.1300, 26694400
20040514, 87.6000, 88.1500, 85.1200, 86.4100, 31619400
20040507, 88.1300, 89.7500, 87.2012, 88.1900, 25650700
20040430, 90.7500, 91.9900, 88.0100, 88.1700, 26790300
20040423, 91.9000, 92.4800, 89.7000, 91.2800, 26094200
20040416, 93.5000, 94.3600, 91.0400, 92.2800, 31404700
20040408, 93.9500, 94.3900, 92.5100, 93.1200, 16201400
20040402, 92.9900, 94.5500, 91.3500, 94.2000, 25046900
20040326, 91.2700, 93.2500, 90.2800, 92.7700, 27482700
20040319, 92.6000, 93.7900, 90.8800, 91.6200, 27477500
20040312, 96.4900, 96.8800, 91.1500, 93.3000, 32862500
20040305, 96.5000, 97.6000, 95.5600, 96.4500, 21755500
20040227, 97.4000, 97.5100, 95.2000, 96.5000, 25680600
20040220, 99.9900, 100.0000, 97.1900, 97.3100, 19898100
20040213, 99.3100, 100.3100, 98.4100, 99.7100, 20479500
20040206, 99.1500, 100.4300, 98.2500, 98.9400, 31683700
20040130, 97.9000, 99.8500, 96.5500, 99.2300, 30864500
20040123, 96.0000, 98.2100, 95.7300, 97.9000, 25889600
20040116, 91.2100, 95.6500, 89.0100, 95.3200, 48592000
20040109, 92.0000, 93.3800, 91.0000, 91.2100, 28694600
20040102, 93.1000, 93.7300, 91.2000, 91.5500, 18092000
20031226, 92.8300, 93.5000, 92.1800, 92.9000, 11178100
20031219, 93.4300, 94.1200, 91.8800, 93.1400, 33482600
20031212, 90.5200, 93.1600, 90.5200, 92.7100, 30943400
20031205, 90.9000, 91.4800, 90.0300, 90.6400, 27735300
20031128, 89.0300, 90.6800, 88.9500, 90.5400, 15370200
20031121, 89.9000, 90.1800, 88.2300, 88.6300, 25235500
20031114, 89.5500, 91.4800, 88.8900, 90.2500, 28880700
20031107, 89.9000, 90.8400, 87.7200, 88.2600, 28479700
20031031, 88.8000, 90.7100, 88.0500, 89.4800, 28610800
20031024, 89.3500, 89.4000, 87.5300, 88.4200, 29376600
20031017, 93.1000, 94.5400, 88.6600, 89.2300, 47597600
20031010, 90.7400, 93.6000, 90.4000, 92.6700, 27727600
20031003, 89.2500, 91.9500, 87.9000, 90.6400, 35612700
20030926, 92.2400, 92.2400, 89.0000, 89.0500, 34494900
20030919, 89.7000, 93.4700, 88.3900, 93.2800, 42039300
20030912, 88.4500, 89.9700, 86.4000, 88.7000, 41601200
20030905, 82.4000, 88.2900, 82.3000, 86.9500, 41027800
20030829, 82.8500, 83.0300, 81.2700, 82.0100, 24293600
20030822, 82.0500, 84.7200, 81.9000, 82.9700, 30615500
20030815, 80.8700, 82.1900, 80.2800, 81.7900, 22220100
20030808, 80.7500, 81.3600, 78.7300, 80.8800, 30290600
20030801, 83.6700, 83.7000, 80.0500, 81.2700, 34886500
20030725, 83.2000, 83.7400, 81.5100, 83.5500, 33171000
20030718, 86.0000, 87.0300, 82.5000, 83.7200, 45286100
20030711, 84.8000, 86.7500, 83.4700, 84.8900, 32242400
20030703, 83.9000, 84.8900, 81.4000, 83.9500, 22755900
20030627, 84.7900, 84.7900, 82.0900, 83.4200, 27829700
20030620, 83.1000, 85.2900, 82.5500, 84.9200, 37484300
20030613, 80.0000, 84.9800, 79.8100, 82.7500, 41268000
20030606, 89.0000, 89.0800, 79.8400, 80.0500, 69955400
20030530, 84.5100, 88.7000, 84.5100, 88.0400, 26786400
20030523, 88.0500, 88.4700, 84.8900, 85.2600, 32835800
20030516, 87.5500, 90.4000, 87.1000, 88.9900, 38800700
20030509, 87.2000, 88.3400, 85.7500, 87.5500, 35257500
20030502, 84.0500, 87.5700, 83.6200, 87.5700, 39359000
20030425, 84.4000, 86.0600, 82.6000, 83.8800, 36064700
20030417, 78.5000, 84.4000, 78.1600, 84.2600, 42212300
20030411, 82.6000, 82.9000, 78.1300, 78.7500, 39935800
20030404, 79.2600, 83.4800, 78.1200, 80.7900, 46339300
20030328, 82.4600, 84.0000, 80.5000, 80.8500, 42576300
20030321, 78.0000, 84.9000, 77.8400, 84.9000, 58133300
20030314, 77.4500, 79.4800, 73.1700, 79.0000, 48104400
20030307, 78.9000, 79.0000, 75.7100, 77.9000, 32954000
20030228, 79.7000, 79.9900, 76.7500, 77.9500, 39649300
20030221, 78.0200, 80.0500, 77.9100, 79.9500, 26970500
20030214, 77.1000, 78.9700, 74.3100, 77.4500, 41674400
20030207, 78.2000, 78.9000, 76.2500, 77.1000, 37378500
20030131, 77.9900, 81.3000, 77.0200, 78.2000, 42173800
20030124, 81.3000, 81.8500, 78.8200, 78.9900, 34478700
20030117, 88.3100, 88.9500, 81.1800, 81.3000, 53450200
20030110, 81.9000, 88.0400, 81.8100, 87.6800, 50004000
20030103, 77.0000, 81.6500, 75.6000, 81.6500, 29764800
20021227, 79.7500, 81.5000, 76.6100, 77.3600, 20460800
20021220, 79.6000, 81.7900, 78.2400, 79.7900, 36539200
20021213, 81.0000, 82.4800, 78.2700, 80.0000, 37355200
20021206, 88.6000, 89.4600, 81.0700, 82.3200, 41270300
20021129, 84.6300, 88.1100, 83.5200, 86.9200, 28402500
20021122, 80.8000, 85.1700, 77.8400, 84.4300, 45101100
20021115, 77.5900, 80.9900, 76.7000, 80.0100, 49429400
20021108, 81.9900, 83.8100, 77.2000, 77.5900, 52109900
20021101, 75.1500, 80.5000, 74.2000, 80.4000, 56125400
20021025, 73.6500, 75.9000, 71.7500, 74.5600, 51727300
20021018, 61.5400, 74.2500, 61.5400, 74.2500, 72253200
20021011, 56.6000, 63.9200, 54.0100, 63.9200, 67066500
20021004, 59.5500, 62.0000, 55.7700, 56.6000, 60869200
20020927, 63.7500, 64.8800, 59.5500, 60.3600, 59368300
20020920, 72.0000, 73.4500, 63.9000, 63.9200, 59733100
20020913, 72.4500, 77.5000, 71.3100, 72.5000, 29374700
20020906, 74.2000, 75.0000, 71.5000, 73.2000, 24168200
20020830, 80.4000, 80.8900, 75.1000, 75.3800, 31535800
20020823, 79.3500, 82.8500, 79.0100, 80.4000, 37599000
20020816, 71.0500, 79.9800, 70.6100, 79.3500, 42544100
20020809, 67.9400, 74.3000, 65.8500, 71.8300, 38896400
20020802, 70.3700, 72.7000, 67.1200, 67.8800, 50523500
20020726, 71.2500, 72.1900, 65.7000, 66.4000, 64004300
20020719, 68.4000, 74.2000, 66.6000, 72.0000, 59368700
20020712, 73.0000, 73.4800, 67.5500, 69.2100, 50325700
20020705, 72.0100, 73.9000, 67.1600, 73.5000, 37781700
20020628, 67.2500, 73.6200, 66.1000, 72.0000, 56342200
20020621, 76.1800, 77.7500, 68.1900, 68.7500, 51132700
20020614, 77.7500, 78.8000, 73.2500, 76.1700, 45826900
20020607, 80.7500, 80.9500, 77.0000, 78.3000, 37678900
20020531, 82.8000, 83.1100, 80.2200, 80.4500, 21571900
20020524, 85.4500, 85.4600, 82.5200, 83.1000, 25012600
20020517, 80.2500, 86.4900, 79.5000, 85.6900, 37347700
20020510, 81.7000, 83.0000, 75.9200, 79.6800, 61363200
20020503, 84.7100, 85.2300, 81.1100, 81.7800, 42862500
20020426, 88.9500, 89.0800, 84.7000, 84.7100, 31976500
20020419, 86.5000, 90.0300, 84.0000, 89.0000, 51860900
20020412, 87.5000, 89.9500, 83.3400, 85.6000, 110897800
20020405, 104.0000, 104.0000, 97.2500, 97.2500, 36348600
20020328, 105.8000, 106.6600, 102.3000, 104.0000, 25371800
20020322, 107.1000, 108.6400, 104.7000, 105.6000, 25381100
20020315, 104.3500, 108.8500, 103.6000, 106.7900, 42307200
20020308, 103.3500, 107.5000, 103.1300, 105.0900, 47715500
20020301, 98.4500, 103.1000, 95.9900, 103.0200, 51947900
20020222, 101.5000, 101.8000, 95.7600, 98.4500, 48524400
20020215, 105.0000, 109.1500, 101.7000, 102.8900, 39939500
20020208, 108.0000, 108.5000, 102.6100, 104.9900, 35602600
20020201, 109.5000, 110.2100, 101.0000, 108.0000, 55992100
20020125, 114.2500, 114.2600, 107.0000, 109.2800, 38030400
20020118, 120.0000, 120.5500, 112.8100, 114.2500, 50634800
20020111, 125.0000, 126.3900, 120.2800, 120.3100, 31815400
20020104, 122.7500, 125.6000, 119.8000, 125.6000, 27402400
20011228, 122.0500, 123.9300, 121.1000, 122.9000, 13450200
20011221, 120.1500, 124.7000, 120.1500, 122.0000, 34859100
20011214, 120.0000, 123.2100, 119.4100, 121.1000, 36439000
20011207, 114.8000, 121.9800, 113.2100, 120.4000, 45132800
20011130, 115.9000, 116.4000, 111.8100, 115.5900, 29636100
20011123, 114.7000, 116.8000, 113.0500, 115.3500, 17282200
20011116, 113.0000, 117.0000, 112.0500, 114.5000, 36592100
20011109, 109.9500, 115.5600, 109.0000, 114.0800, 37385000
20011102, 110.5000, 111.1200, 106.9000, 109.5000, 37116500
20011026, 102.6500, 112.1000, 101.9000, 111.1600, 43172300
20011019, 99.8500, 106.7000, 99.6600, 102.6500, 63537500
20011012, 98.0300, 101.0000, 94.9000, 100.8400, 48258400
20011005, 91.7200, 98.8800, 91.3400, 98.0200, 46507700
20010928, 91.8000, 96.0000, 87.4900, 91.7200, 61809500
20010921, 93.9000, 96.8500, 89.5000, 90.5000, 75868900
20010910, 96.0000, 97.4000, 95.5900, 96.4700, 10311500
20010907, 100.1500, 103.1300, 96.0000, 96.5900, 41322600
20010831, 106.9900, 108.2000, 98.8600, 99.9500, 38331400
20010824, 104.6800, 107.8000, 101.4000, 106.9900, 33343800
20010817, 105.0000, 106.8500, 103.6600, 104.5900, 29688900
20010810, 107.2500, 107.3700, 102.7000, 104.9500, 26622100
20010803, 104.9000, 110.0900, 104.7600, 108.1800, 25049100
20010727, 105.7000, 106.9500, 102.7300, 104.7000, 32638300
20010720, 108.5300, 109.3800, 103.0300, 105.7000, 48299000
20010713, 106.5000, 109.3000, 101.5600, 108.5300, 45082800
20010706, 113.5000, 115.4000, 105.8100, 106.5000, 25362500
20010629, 113.7500, 116.9500, 111.1000, 113.5000, 35230300
20010622, 113.9800, 117.2500, 111.3600, 112.8700, 33926900
20010615, 116.3000, 118.4700, 113.3800, 113.6000, 39520000
20010608, 113.2500, 119.0000, 112.8500, 116.1000, 29113600
20010601, 117.3500, 117.5900, 111.6400, 112.8900, 27279700
20010525, 117.9500, 119.9000, 117.1000, 117.8000, 34172800
20010518, 111.2000, 117.6800, 111.0000, 117.4400, 32527500
20010511, 116.2000, 118.9000, 110.9600, 111.8100, 37758700
20010504, 116.4000, 118.9500, 111.2000, 115.8600, 40113600
20010427, 114.0100, 116.9000, 111.6800, 116.2000, 38874700
20010420, 96.2000, 116.4000, 95.2000, 114.8300, 77541600
20010412, 98.5000, 101.9400, 93.8000, 96.2000, 40874500
20010406, 97.4500, 100.0000, 90.0500, 97.9500, 61562900
20010330, 95.2500, 100.0000, 93.7500, 96.1800, 52337900
20010323, 91.0000, 94.9900, 87.6500, 93.5100, 56911400
20010316, 97.9000, 98.9000, 88.2000, 90.1000, 69318700
20010309, 102.8100, 108.4000, 97.9000, 99.2900, 46134500
20010302, 105.8000, 107.6500, 97.5000, 102.3000, 59912700
20010223, 114.5500, 115.6000, 100.2500, 104.0000, 42890800
20010216, 110.5500, 118.6400, 110.3000, 115.0000, 36127100
20010209, 109.4000, 118.2000, 109.3000, 112.0000, 36346600
20010202, 112.5000, 116.7500, 109.6000, 110.2700, 32690400
20010126, 109.5000, 115.2500, 107.6200, 114.1900, 40283600
20010119, 93.7500, 113.9400, 91.8100, 111.2500, 55406000
20010112, 93.5000, 96.4400, 91.2500, 93.8100, 37351000
20010105, 84.5000, 99.7500, 83.7500, 94.0000, 44240800
20001229, 89.0000, 89.5600, 82.1200, 85.0000, 31039700
20001222, 88.3700, 94.4400, 80.0600, 89.0000, 50218000
20001215, 96.5000, 98.2500, 87.3100, 87.8100, 41477400
20001208, 96.0000, 104.7500, 93.1200, 97.0000, 37530500
20001201, 100.4400, 102.0000, 92.2500, 95.6200, 32366400
20001124, 101.5000, 104.3700, 98.3100, 99.9400, 22641900
20001117, 91.8100, 102.5000, 91.6200, 101.9400, 29453200
20001110, 99.8700, 103.7500, 93.0000, 93.0000, 32715700
20001103, 93.5000, 102.6200, 90.3100, 100.1200, 39746400
20001027, 94.7500, 95.0000, 86.9400, 93.6900, 48790400
20001020, 111.5000, 113.8700, 90.2500, 94.7500, 73706800
20001013, 115.9400, 119.3700, 103.1200, 109.0600, 38085500
20001006, 112.6200, 119.6200, 108.5600, 116.0000, 43940700
20000929, 124.5000, 126.6200, 110.2500, 112.6200, 31360800
20000922, 125.2500, 126.6900, 120.0000, 123.8700, 22129500
20000915, 127.8700, 129.1900, 122.7500, 125.0000, 28000200
20000908, 132.8100, 134.8800, 129.3800, 129.5000, 20201600
20000901, 129.8800, 134.9400, 129.5600, 133.6300, 30751200
20000825, 121.0600, 129.8800, 119.8700, 129.0000, 24522100
20000818, 120.0000, 123.6900, 119.3100, 120.4400, 23739400
20000811, 116.6200, 121.8100, 115.5600, 120.6200, 29859300
20000804, 110.5000, 116.5000, 110.0600, 115.8700, 24015800
20000728, 114.1200, 115.6200, 108.8700, 111.8100, 28454700
20000721, 104.4400, 117.8100, 101.0000, 114.7500, 52881600
20000714, 104.6900, 105.9400, 101.0000, 103.9400, 25072200
20000707, 108.7500, 109.8700, 100.0000, 105.0600, 38608400
20000630, 113.0000, 115.7500, 108.6200, 109.5600, 32971500
20000623, 113.5000, 120.6900, 110.8100, 111.8700, 27864000
20000616, 119.1200, 120.4400, 113.2500, 113.2500, 26364000
20000609, 108.4400, 122.3100, 108.4400, 119.6900, 37831000
20000602, 107.7500, 111.0000, 105.5000, 108.8100, 18535800
20000526, 106.0000, 112.2500, 103.4400, 106.9400, 31197000
20000519, 104.0000, 109.2500, 102.0000, 106.4400, 29694500
20000512, 108.0600, 110.6200, 102.0600, 104.4400, 33410400
20000505, 112.5000, 113.6200, 106.5000, 107.8700, 22151300
20000428, 102.0000, 113.9400, 101.2500, 111.5000, 35488400
20000420, 103.8700, 115.1200, 102.0600, 104.0000, 43482800
20000414, 124.7500, 125.3700, 102.8700, 105.0000, 42149600
20000407, 120.0000, 128.0000, 115.0600, 123.1200, 47344000
20000331, 125.0000, 128.2500, 117.0600, 118.3700, 44498000
20000324, 110.0000, 122.2500, 109.9400, 120.6200, 38090900
20000317, 104.0000, 111.6900, 102.5000, 110.0000, 36990400
20000310, 109.9400, 111.0000, 101.0000, 105.2500, 42586200
20000303, 104.6200, 110.0000, 99.5000, 108.0000, 51128300
20000225, 112.0000, 113.4400, 104.9400, 108.0000, 34514300
20000218, 116.0000, 118.8700, 111.5000, 112.5000, 26599300
20000211, 116.0000, 119.7500, 113.1200, 115.3700, 26814500
20000204, 111.3700, 118.4400, 109.1200, 115.6200, 32834200
20000128, 121.8700, 122.8700, 110.0600, 111.5600, 33325200
20000121, 119.6900, 124.7500, 112.6900, 121.5000, 41930500
20000114, 117.2500, 123.3100, 115.3700, 119.6200, 42663900
20000107, 112.4400, 119.7500, 110.6200, 113.5000, 51137300
19991231, 109.6900, 110.7500, 106.6200, 107.8700, 16812500
19991223, 109.0600, 110.4400, 107.7500, 108.6200, 18144100
19991217, 108.1200, 112.7500, 104.5000, 110.0000, 38810100
19991210, 113.0000, 122.1200, 107.5600, 109.0000, 58626000
19991203, 104.9400, 112.8700, 102.1200, 111.8700, 37670000
19991126, 105.5000, 109.8700, 101.8100, 105.0000, 37165600
19991119, 96.0000, 105.1200, 92.6200, 103.9400, 61550800
19991112, 90.5000, 97.5000, 90.5000, 95.8700, 43569700